,compartment,mean,std,min,25%,50%,75%,max,gene,iqr,upper,lower,cell_type,tissue_in_publication
0,immune,0.00012805552978534251,0.012314523570239544,0.0,0.0,0.0,0.0,1.5545035600662231,A3GALT2,0.0,0.0,0.0,all,all
1,immune,0.004835973959416151,0.06066003441810608,0.0,0.0,0.0,0.0,2.112644672393799,A4GALT,0.0,0.0,0.0,all,all
2,immune,0.0003507265355437994,0.013561312109231949,0.0,0.0,0.0,0.0,1.3671056032180786,A4GNT,0.0,0.0,0.0,all,all
3,immune,0.0038220195565372705,0.05552966147661209,0.0,0.0,0.0,0.0,1.9818100929260254,ABO,0.0,0.0,0.0,all,all
4,immune,0.0981006771326065,0.2865159809589386,0.0,0.0,0.0,0.0,3.577592134475708,AGA,0.0,0.0,0.0,all,all
5,immune,0.04968312755227089,0.19998383522033691,0.0,0.0,0.0,0.0,2.3040263652801514,ALG1,0.0,0.0,0.0,all,all
6,immune,0.02278110943734646,0.14165569841861725,0.0,0.0,0.0,0.0,2.3306915760040283,ALG10,0.0,0.0,0.0,all,all
7,immune,0.026653552427887917,0.15458357334136963,0.0,0.0,0.0,0.0,2.312727689743042,ALG10B,0.0,0.0,0.0,all,all
8,immune,0.04426131024956703,0.20064039528369904,0.0,0.0,0.0,0.0,2.086561441421509,ALG11,0.0,0.0,0.0,all,all
9,immune,0.052499789744615555,0.2182341367006302,0.0,0.0,0.0,0.0,2.243574380874634,ALG12,0.0,0.0,0.0,all,all
10,immune,0.30771490931510925,0.5122689604759216,0.0,0.0,0.0,0.6011779308319092,4.062658786773682,ALG13,0.6011779308319092,1.502944827079773,0.0,all,all
11,immune,0.042233534157276154,0.17880140244960785,0.0,0.0,0.0,0.0,2.5463225841522217,ALG14,0.0,0.0,0.0,all,all
12,immune,0.001957319211214781,0.04385068640112877,0.0,0.0,0.0,0.0,2.1419434547424316,ALG1L,0.0,0.0,0.0,all,all
13,immune,0.007402902003377676,0.08478043228387833,0.0,0.0,0.0,0.0,2.2094056606292725,ALG1L2,0.0,0.0,0.0,all,all
14,immune,0.11324860900640488,0.3079353868961334,0.0,0.0,0.0,0.0,2.7179527282714844,ALG2,0.0,0.0,0.0,all,all
15,immune,0.11659549176692963,0.3049551248550415,0.0,0.0,0.0,0.0,2.270378828048706,ALG3,0.0,0.0,0.0,all,all
16,immune,0.17197643220424652,0.37517550587654114,0.0,0.0,0.0,0.0,2.475208044052124,ALG5,0.0,0.0,0.0,all,all
17,immune,0.0617690272629261,0.23703144490718842,0.0,0.0,0.0,0.0,2.4552741050720215,ALG6,0.0,0.0,0.0,all,all
18,immune,0.0739891305565834,0.24673961102962494,0.0,0.0,0.0,0.0,2.1484932899475098,ALG8,0.0,0.0,0.0,all,all
19,immune,0.029803434386849403,0.1612938642501831,0.0,0.0,0.0,0.0,2.1600594520568848,ALG9,0.0,0.0,0.0,all,all
20,immune,0.0937504842877388,0.2843944728374481,0.0,0.0,0.0,0.0,3.0123989582061768,AMDHD2,0.0,0.0,0.0,all,all
21,immune,0.05631273239850998,0.21217399835586548,0.0,0.0,0.0,0.0,2.8664538860321045,ARSB,0.0,0.0,0.0,all,all
22,immune,0.06189671531319618,0.24166080355644226,0.0,0.0,0.0,0.0,2.5255331993103027,ARSG,0.0,0.0,0.0,all,all
23,immune,0.04171057417988777,0.2001223862171173,0.0,0.0,0.0,0.0,2.49650502204895,ARSK,0.0,0.0,0.0,all,all
24,immune,0.012450281530618668,0.1011936217546463,0.0,0.0,0.0,0.0,2.423121213912964,B3GALNT1,0.0,0.0,0.0,all,all
25,immune,0.07186786830425262,0.2524149715900421,0.0,0.0,0.0,0.0,3.468921422958374,B3GALNT2,0.0,0.0,0.0,all,all
26,immune,0.00022208629525266588,0.013845986686646938,0.0,0.0,0.0,0.0,1.601169466972351,B3GALT1,0.0,0.0,0.0,all,all
27,immune,0.01256828848272562,0.1201372742652893,0.0,0.0,0.0,0.0,2.968907117843628,B3GALT2,0.0,0.0,0.0,all,all
28,immune,0.08580036461353302,0.27790510654449463,0.0,0.0,0.0,0.0,2.5202605724334717,B3GALT4,0.0,0.0,0.0,all,all
29,immune,0.0004346348578110337,0.021543502807617188,0.0,0.0,0.0,0.0,2.0845038890838623,B3GALT5,0.0,0.0,0.0,all,all
30,immune,0.08269183337688446,0.26694875955581665,0.0,0.0,0.0,0.0,2.3730428218841553,B3GALT6,0.0,0.0,0.0,all,all
31,immune,0.010995564982295036,0.11846043914556503,0.0,0.0,0.0,0.0,3.3395204544067383,B3GAT1,0.0,0.0,0.0,all,all
32,immune,0.02997376210987568,0.17225278913974762,0.0,0.0,0.0,0.0,2.2906131744384766,B3GAT2,0.0,0.0,0.0,all,all
33,immune,0.15638193488121033,0.35783669352531433,0.0,0.0,0.0,0.0,2.5600709915161133,B3GAT3,0.0,0.0,0.0,all,all
34,immune,0.03211105242371559,0.17480400204658508,0.0,0.0,0.0,0.0,2.444312334060669,B3GLCT,0.0,0.0,0.0,all,all
35,immune,0.16416354477405548,0.38772547245025635,0.0,0.0,0.0,0.0,3.9385013580322266,B3GNT2,0.0,0.0,0.0,all,all
36,immune,0.0004721189325209707,0.020842893049120903,0.0,0.0,0.0,0.0,1.7393662929534912,B3GNT3,0.0,0.0,0.0,all,all
37,immune,0.0023485682904720306,0.0489700511097908,0.0,0.0,0.0,0.0,2.029095411300659,B3GNT4,0.0,0.0,0.0,all,all
38,immune,0.12146598845720291,0.377375066280365,0.0,0.0,0.0,0.0,3.9389822483062744,B3GNT5,0.0,0.0,0.0,all,all
39,immune,0.00037502814666368067,0.018648235127329826,0.0,0.0,0.0,0.0,1.5818586349487305,B3GNT6,0.0,0.0,0.0,all,all
40,immune,0.037819672375917435,0.1879355013370514,0.0,0.0,0.0,0.0,2.9743807315826416,B3GNT7,0.0,0.0,0.0,all,all
41,immune,0.03465956822037697,0.19743138551712036,0.0,0.0,0.0,0.0,2.523859977722168,B3GNT8,0.0,0.0,0.0,all,all
42,immune,0.0014495906652882695,0.04044029489159584,0.0,0.0,0.0,0.0,2.178830623626709,B4GALNT1,0.0,0.0,0.0,all,all
43,immune,0.0006489765946753323,0.025459811091423035,0.0,0.0,0.0,0.0,1.5571585893630981,B4GALNT2,0.0,0.0,0.0,all,all
44,immune,0.0048662652261555195,0.07041729986667633,0.0,0.0,0.0,0.0,2.0712597370147705,B4GALNT3,0.0,0.0,0.0,all,all
45,immune,0.0020735699217766523,0.04705602675676346,0.0,0.0,0.0,0.0,2.0140368938446045,B4GALNT4,0.0,0.0,0.0,all,all
46,immune,0.4049505293369293,0.5782250761985779,0.0,0.0,0.0,0.8647369742393494,3.2302207946777344,B4GALT1,0.8647369742393494,2.1618424355983734,0.0,all,all
47,immune,0.012992367148399353,0.09536413848400116,0.0,0.0,0.0,0.0,2.0222396850585938,B4GALT2,0.0,0.0,0.0,all,all
48,immune,0.1076832264661789,0.3035303056240082,0.0,0.0,0.0,0.0,2.5612125396728516,B4GALT3,0.0,0.0,0.0,all,all
49,immune,0.12563666701316833,0.34306514263153076,0.0,0.0,0.0,0.0,2.790583372116089,B4GALT4,0.0,0.0,0.0,all,all
50,immune,0.21274028718471527,0.4840337634086609,0.0,0.0,0.0,0.0,3.2714130878448486,B4GALT5,0.0,0.0,0.0,all,all
51,immune,0.007710671052336693,0.08478287607431412,0.0,0.0,0.0,0.0,2.154311418533325,B4GALT6,0.0,0.0,0.0,all,all
52,immune,0.07066002488136292,0.23692309856414795,0.0,0.0,0.0,0.0,2.1747872829437256,B4GALT7,0.0,0.0,0.0,all,all
53,immune,0.019978543743491173,0.12947851419448853,0.0,0.0,0.0,0.0,2.1644833087921143,B4GAT1,0.0,0.0,0.0,all,all
54,immune,0.19849160313606262,0.4171513319015503,0.0,0.0,0.0,0.0,2.7578301429748535,C1GALT1,0.0,0.0,0.0,all,all
55,immune,0.09118769317865372,0.27401721477508545,0.0,0.0,0.0,0.0,2.4465575218200684,C1GALT1C1,0.0,0.0,0.0,all,all
56,immune,0.8695134520530701,0.8075219988822937,0.0,0.0,0.9331461787223816,1.4510974884033203,5.076664447784424,CALR,1.4510974884033203,3.627743721008301,0.0,all,all
57,immune,0.7326870560646057,0.7215824723243713,0.0,0.0,0.7904261946678162,1.3140162229537964,4.2499871253967285,CANX,1.3140162229537964,3.285040557384491,0.0,all,all
58,immune,0.11163751035928726,0.3206616938114166,0.0,0.0,0.0,0.0,2.519998073577881,CASD1,0.0,0.0,0.0,all,all
59,immune,0.530135452747345,0.7387562990188599,0.0,0.0,0.0,1.0739035606384277,4.096174240112305,CEMIP2,1.0739035606384277,2.6847589015960693,0.0,all,all
60,immune,0.04230942204594612,0.19953268766403198,0.0,0.0,0.0,0.0,2.6291985511779785,CHPF,0.0,0.0,0.0,all,all
61,immune,0.08093941956758499,0.2635379433631897,0.0,0.0,0.0,0.0,2.455598831176758,CHPF2,0.0,0.0,0.0,all,all
62,immune,0.0017931688344106078,0.04436418414115906,0.0,0.0,0.0,0.0,2.0604262351989746,CHST1,0.0,0.0,0.0,all,all
63,immune,0.012677556835114956,0.1099620908498764,0.0,0.0,0.0,0.0,2.057741403579712,CHST10,0.0,0.0,0.0,all,all
64,immune,0.2420908659696579,0.4547889530658722,0.0,0.0,0.0,0.2976070046424866,2.980546474456787,CHST11,0.2976070046424866,0.7440175116062164,0.0,all,all
65,immune,0.19416768848896027,0.4233800172805786,0.0,0.0,0.0,0.0,3.0142393112182617,CHST12,0.0,0.0,0.0,all,all
66,immune,0.013341092504560947,0.10586702078580856,0.0,0.0,0.0,0.0,2.262629508972168,CHST13,0.0,0.0,0.0,all,all
67,immune,0.0374685600399971,0.18556460738182068,0.0,0.0,0.0,0.0,2.127591848373413,CHST14,0.0,0.0,0.0,all,all
68,immune,0.13280504941940308,0.3655890226364136,0.0,0.0,0.0,0.0,2.932954788208008,CHST15,0.0,0.0,0.0,all,all
69,immune,0.07499860227108002,0.2791379690170288,0.0,0.0,0.0,0.0,3.016982316970825,CHST2,0.0,0.0,0.0,all,all
70,immune,0.0018193779978901148,0.03761982545256615,0.0,0.0,0.0,0.0,2.053879737854004,CHST3,0.0,0.0,0.0,all,all
71,immune,3.172590004396625e-05,0.004312098957598209,0.0,0.0,0.0,0.0,0.9517856240272522,CHST4,0.0,0.0,0.0,all,all
72,immune,8.38229971122928e-05,0.009332089684903622,0.0,0.0,0.0,0.0,1.562501311302185,CHST5,0.0,0.0,0.0,all,all
73,immune,0.0014612674713134766,0.0373804084956646,0.0,0.0,0.0,0.0,2.087489366531372,CHST6,0.0,0.0,0.0,all,all
74,immune,0.04164955019950867,0.19792750477790833,0.0,0.0,0.0,0.0,2.668811559677124,CHST7,0.0,0.0,0.0,all,all
75,immune,0.00024388098972849548,0.01639522612094879,0.0,0.0,0.0,0.0,2.034855604171753,CHST8,0.0,0.0,0.0,all,all
76,immune,0.0009894309332594275,0.03446367755532265,0.0,0.0,0.0,0.0,2.442392587661743,CHST9,0.0,0.0,0.0,all,all
77,immune,0.14851312339305878,0.37703537940979004,0.0,0.0,0.0,0.0,3.182624101638794,CHSY1,0.0,0.0,0.0,all,all
78,immune,0.0008157665724866092,0.02608903869986534,0.0,0.0,0.0,0.0,1.5944089889526367,CHSY3,0.0,0.0,0.0,all,all
79,immune,0.0647863820195198,0.23860979080200195,0.0,0.0,0.0,0.0,2.932393789291382,CMAHP,0.0,0.0,0.0,all,all
80,immune,0.12908588349819183,0.3269649147987366,0.0,0.0,0.0,0.0,2.8290226459503174,CMAS,0.0,0.0,0.0,all,all
81,immune,0.19201026856899261,0.4074016511440277,0.0,0.0,0.0,0.0,3.013395309448242,COLGALT1,0.0,0.0,0.0,all,all
82,immune,0.014089922420680523,0.12814050912857056,0.0,0.0,0.0,0.0,2.423121213912964,COLGALT2,0.0,0.0,0.0,all,all
83,immune,0.007231052033603191,0.0812857523560524,0.0,0.0,0.0,0.0,2.003697395324707,CRPPA,0.0,0.0,0.0,all,all
84,immune,0.16158705949783325,0.43297454714775085,0.0,0.0,0.0,0.0,3.4826467037200928,CSGALNACT1,0.0,0.0,0.0,all,all
85,immune,0.4162842929363251,0.6468265652656555,0.0,0.0,0.0,0.8534399271011353,4.206237316131592,CSGALNACT2,0.8534399271011353,2.133599817752838,0.0,all,all
86,immune,0.20281827449798584,0.4390775263309479,0.0,0.0,0.0,0.0,3.173727512359619,CTBS,0.0,0.0,0.0,all,all
87,immune,0.6665412783622742,0.652395486831665,0.0,0.0,0.722758412361145,1.1946163177490234,4.896721839904785,DAD1,1.1946163177490234,2.9865407943725586,0.0,all,all
88,immune,0.35399341583251953,0.5304290652275085,0.0,0.0,0.0,0.7623229622840881,3.0512137413024902,DDOST,0.7623229622840881,1.9058074057102203,0.0,all,all
89,immune,0.22026824951171875,0.43399935960769653,0.0,0.0,0.0,0.0,3.1294140815734863,DNAJB11,0.0,0.0,0.0,all,all
90,immune,0.2237999439239502,0.43399012088775635,0.0,0.0,0.0,0.0,4.541591644287109,DNAJC10,0.0,0.0,0.0,all,all
91,immune,0.06519486755132675,0.2300325334072113,0.0,0.0,0.0,0.0,2.431596517562866,DPAGT1,0.0,0.0,0.0,all,all
92,immune,0.14859046041965485,0.3501490354537964,0.0,0.0,0.0,0.0,2.4803051948547363,DPM1,0.0,0.0,0.0,all,all
93,immune,0.13044333457946777,0.3260062336921692,0.0,0.0,0.0,0.0,2.7831201553344727,DPM2,0.0,0.0,0.0,all,all
94,immune,0.24047425389289856,0.4382394552230835,0.0,0.0,0.0,0.3967747390270233,2.9352023601531982,DPM3,0.3967747390270233,0.9919368475675583,0.0,all,all
95,immune,0.06186792254447937,0.23635829985141754,0.0,0.0,0.0,0.0,2.3739991188049316,DPY19L1,0.0,0.0,0.0,all,all
96,immune,0.003512970870360732,0.058495067059993744,0.0,0.0,0.0,0.0,1.9483139514923096,DPY19L2,0.0,0.0,0.0,all,all
97,immune,0.05323232337832451,0.23165467381477356,0.0,0.0,0.0,0.0,2.718283176422119,DPY19L3,0.0,0.0,0.0,all,all
98,immune,0.0438859798014164,0.196443572640419,0.0,0.0,0.0,0.0,2.3487706184387207,DPY19L4,0.0,0.0,0.0,all,all
99,immune,0.24525339901447296,0.5014621615409851,0.0,0.0,0.0,0.0,3.346670389175415,DSE,0.0,0.0,0.0,all,all
100,immune,0.020800095051527023,0.14953722059726715,0.0,0.0,0.0,0.0,2.9944980144500732,DSEL,0.0,0.0,0.0,all,all
101,immune,0.2218678891658783,0.4355355501174927,0.0,0.0,0.0,0.0,2.980191469192505,EDEM1,0.0,0.0,0.0,all,all
102,immune,0.13261832296848297,0.3279661536216736,0.0,0.0,0.0,0.0,2.5295090675354004,EDEM2,0.0,0.0,0.0,all,all
103,immune,0.20345909893512726,0.4240473508834839,0.0,0.0,0.0,0.0,2.9004392623901367,EDEM3,0.0,0.0,0.0,all,all
104,immune,0.06341606378555298,0.2383580207824707,0.0,0.0,0.0,0.0,2.817458391189575,ENGASE,0.0,0.0,0.0,all,all
105,immune,0.047500159591436386,0.20751839876174927,0.0,0.0,0.0,0.0,2.3646302223205566,EOGT,0.0,0.0,0.0,all,all
106,immune,0.2783118486404419,0.49417972564697266,0.0,0.0,0.0,0.4964005649089813,3.4742753505706787,ERLEC1,0.4964005649089813,1.2410014122724533,0.0,all,all
107,immune,0.05618844926357269,0.23127281665802002,0.0,0.0,0.0,0.0,2.5405256748199463,EXT1,0.0,0.0,0.0,all,all
108,immune,0.054868847131729126,0.21306391060352325,0.0,0.0,0.0,0.0,2.347914218902588,EXT2,0.0,0.0,0.0,all,all
109,immune,0.0004146263236179948,0.020974280312657356,0.0,0.0,0.0,0.0,1.7951005697250366,EXTL1,0.0,0.0,0.0,all,all
110,immune,0.025783875957131386,0.1467307209968567,0.0,0.0,0.0,0.0,2.312180995941162,EXTL2,0.0,0.0,0.0,all,all
111,immune,0.04701811820268631,0.2184739112854004,0.0,0.0,0.0,0.0,2.8165547847747803,EXTL3,0.0,0.0,0.0,all,all
112,immune,0.0782020166516304,0.26168638467788696,0.0,0.0,0.0,0.0,2.449453115463257,FAM20B,0.0,0.0,0.0,all,all
113,immune,0.02354251965880394,0.14361536502838135,0.0,0.0,0.0,0.0,2.114243984222412,FCSK,0.0,0.0,0.0,all,all
114,immune,0.02739180065691471,0.15648886561393738,0.0,0.0,0.0,0.0,2.3217296600341797,FKRP,0.0,0.0,0.0,all,all
115,immune,0.030210569500923157,0.16401509940624237,0.0,0.0,0.0,0.0,2.3436455726623535,FKTN,0.0,0.0,0.0,all,all
116,immune,0.029890291392803192,0.15701307356357574,0.0,0.0,0.0,0.0,2.356518268585205,FPGT,0.0,0.0,0.0,all,all
117,immune,0.15718650817871094,0.4025220274925232,0.0,0.0,0.0,0.0,4.356689929962158,FUCA1,0.0,0.0,0.0,all,all
118,immune,0.14973360300064087,0.3430721163749695,0.0,0.0,0.0,0.0,2.639335870742798,FUCA2,0.0,0.0,0.0,all,all
119,immune,0.0019052608404308558,0.04097732901573181,0.0,0.0,0.0,0.0,2.3223516941070557,FUT1,0.0,0.0,0.0,all,all
120,immune,0.02149314433336258,0.13710202276706696,0.0,0.0,0.0,0.0,2.060725212097168,FUT10,0.0,0.0,0.0,all,all
121,immune,0.0853705182671547,0.2814858853816986,0.0,0.0,0.0,0.0,2.6663167476654053,FUT11,0.0,0.0,0.0,all,all
122,immune,0.003053856547921896,0.05553531274199486,0.0,0.0,0.0,0.0,3.460487127304077,FUT2,0.0,0.0,0.0,all,all
123,immune,0.0005518804537132382,0.02293822541832924,0.0,0.0,0.0,0.0,1.5833951234817505,FUT3,0.0,0.0,0.0,all,all
124,immune,0.038320258259773254,0.18829038739204407,0.0,0.0,0.0,0.0,2.68202805519104,FUT4,0.0,0.0,0.0,all,all
125,immune,0.00011376862676115707,0.010626369155943394,0.0,0.0,0.0,0.0,1.3956670761108398,FUT5,0.0,0.0,0.0,all,all
126,immune,0.0031860810704529285,0.05613238364458084,0.0,0.0,0.0,0.0,2.0194010734558105,FUT6,0.0,0.0,0.0,all,all
127,immune,0.04331989586353302,0.2264387458562851,0.0,0.0,0.0,0.0,2.775876045227051,FUT7,0.0,0.0,0.0,all,all
128,immune,0.1151917427778244,0.3202698528766632,0.0,0.0,0.0,0.0,2.593479871749878,FUT8,0.0,0.0,0.0,all,all
129,immune,3.952384213334881e-05,0.0066827768459916115,0.0,0.0,0.0,0.0,1.4730395078659058,FUT9,0.0,0.0,0.0,all,all
130,immune,0.00014088414900470525,0.012138303369283676,0.0,0.0,0.0,0.0,1.656009554862976,G6PC1,0.0,0.0,0.0,all,all
131,immune,0.18674761056900024,0.41967982053756714,0.0,0.0,0.0,0.0,2.8325681686401367,GAA,0.0,0.0,0.0,all,all
132,immune,0.0004182718403171748,0.019382396712899208,0.0,0.0,0.0,0.0,1.5416771173477173,GAL3ST1,0.0,0.0,0.0,all,all
133,immune,0.0007132213213481009,0.028580011799931526,0.0,0.0,0.0,0.0,2.1040639877319336,GAL3ST2,0.0,0.0,0.0,all,all
134,immune,6.314329948509112e-05,0.006598109379410744,0.0,0.0,0.0,0.0,1.1371104717254639,GAL3ST3,0.0,0.0,0.0,all,all
135,immune,0.014216480776667595,0.11578355729579926,0.0,0.0,0.0,0.0,2.5064449310302734,GAL3ST4,0.0,0.0,0.0,all,all
136,immune,0.1156260147690773,0.32328787446022034,0.0,0.0,0.0,0.0,3.092857837677002,GALC,0.0,0.0,0.0,all,all
137,immune,0.044010844081640244,0.19078414142131805,0.0,0.0,0.0,0.0,2.3436455726623535,GALE,0.0,0.0,0.0,all,all
138,immune,0.12652401626110077,0.32463788986206055,0.0,0.0,0.0,0.0,3.0057435035705566,GALK1,0.0,0.0,0.0,all,all
139,immune,0.08551588654518127,0.27189692854881287,0.0,0.0,0.0,0.0,2.4680263996124268,GALK2,0.0,0.0,0.0,all,all
140,immune,0.060331981629133224,0.23368056118488312,0.0,0.0,0.0,0.0,2.7837212085723877,GALNS,0.0,0.0,0.0,all,all
141,immune,0.29495757818222046,0.48722875118255615,0.0,0.0,0.0,0.5973669290542603,2.803959369659424,GALNT1,0.5973669290542603,1.4934173226356506,0.0,all,all
142,immune,0.15196110308170319,0.3713719844818115,0.0,0.0,0.0,0.0,3.366668462753296,GALNT10,0.0,0.0,0.0,all,all
143,immune,0.13143184781074524,0.34530580043792725,0.0,0.0,0.0,0.0,2.8259644508361816,GALNT11,0.0,0.0,0.0,all,all
144,immune,0.03465104103088379,0.17519348859786987,0.0,0.0,0.0,0.0,2.1655077934265137,GALNT12,0.0,0.0,0.0,all,all
145,immune,0.00015474810788873583,0.010757568292319775,0.0,0.0,0.0,0.0,1.3699448108673096,GALNT13,0.0,0.0,0.0,all,all
146,immune,0.01086896937340498,0.10919494926929474,0.0,0.0,0.0,0.0,2.5516865253448486,GALNT14,0.0,0.0,0.0,all,all
147,immune,0.006696447264403105,0.08957395702600479,0.0,0.0,0.0,0.0,2.823925495147705,GALNT15,0.0,0.0,0.0,all,all
148,immune,0.0007130939047783613,0.024933287873864174,0.0,0.0,0.0,0.0,1.5967594385147095,GALNT16,0.0,0.0,0.0,all,all
149,immune,0.0009072055690921843,0.02534356899559498,0.0,0.0,0.0,0.0,2.071866035461426,GALNT17,0.0,0.0,0.0,all,all
150,immune,0.0016750796930864453,0.040895432233810425,0.0,0.0,0.0,0.0,2.8046882152557373,GALNT18,0.0,0.0,0.0,all,all
151,immune,0.14675182104110718,0.3533940613269806,0.0,0.0,0.0,0.0,3.5161921977996826,GALNT2,0.0,0.0,0.0,all,all
152,immune,0.05471041053533554,0.24145719408988953,0.0,0.0,0.0,0.0,2.697705030441284,GALNT3,0.0,0.0,0.0,all,all
153,immune,0.0027811683248728514,0.05282214283943176,0.0,0.0,0.0,0.0,1.9472827911376953,GALNT4,0.0,0.0,0.0,all,all
154,immune,0.003281460842117667,0.05727314203977585,0.0,0.0,0.0,0.0,2.369887351989746,GALNT5,0.0,0.0,0.0,all,all
155,immune,0.0869581326842308,0.2786792516708374,0.0,0.0,0.0,0.0,2.921800136566162,GALNT6,0.0,0.0,0.0,all,all
156,immune,0.11136451363563538,0.3195931613445282,0.0,0.0,0.0,0.0,3.1750080585479736,GALNT7,0.0,0.0,0.0,all,all
157,immune,0.001907610916532576,0.04465757682919502,0.0,0.0,0.0,0.0,1.8826706409454346,GALNT8,0.0,0.0,0.0,all,all
158,immune,0.0005176228005439043,0.02278584986925125,0.0,0.0,0.0,0.0,1.7494994401931763,GALNT9,0.0,0.0,0.0,all,all
159,immune,0.08653493970632553,0.27666154503822327,0.0,0.0,0.0,0.0,2.4353911876678467,GALT,0.0,0.0,0.0,all,all
160,immune,0.19777433574199677,0.39504826068878174,0.0,0.0,0.0,0.0,2.5897254943847656,GANAB,0.0,0.0,0.0,all,all
161,immune,0.0691128820180893,0.2445959597826004,0.0,0.0,0.0,0.0,2.411952495574951,GANC,0.0,0.0,0.0,all,all
162,immune,0.03052310273051262,0.16373509168624878,0.0,0.0,0.0,0.0,2.1887364387512207,GBA,0.0,0.0,0.0,all,all
163,immune,0.08683697879314423,0.2791385054588318,0.0,0.0,0.0,0.0,2.5603463649749756,GBA2,0.0,0.0,0.0,all,all
164,immune,0.0010017768945544958,0.03038758784532547,0.0,0.0,0.0,0.0,1.924699306488037,GBA3,0.0,0.0,0.0,all,all
165,immune,0.04516567662358284,0.18649326264858246,0.0,0.0,0.0,0.0,2.1692750453948975,GBGT1,0.0,0.0,0.0,all,all
166,immune,0.0009014014503918588,0.02969224937260151,0.0,0.0,0.0,0.0,1.6515319347381592,GCK,0.0,0.0,0.0,all,all
167,immune,0.10079607367515564,0.3117942214012146,0.0,0.0,0.0,0.0,3.0502548217773438,GCNT1,0.0,0.0,0.0,all,all
168,immune,0.03880348429083824,0.18389324843883514,0.0,0.0,0.0,0.0,2.6369242668151855,GCNT2,0.0,0.0,0.0,all,all
169,immune,0.0009449199424125254,0.029684025794267654,0.0,0.0,0.0,0.0,1.582472801208496,GCNT3,0.0,0.0,0.0,all,all
170,immune,0.03506239503622055,0.2006227672100067,0.0,0.0,0.0,0.0,2.73093318939209,GCNT4,0.0,0.0,0.0,all,all
171,immune,0.14661762118339539,0.35796472430229187,0.0,0.0,0.0,0.0,2.6903114318847656,GFPT1,0.0,0.0,0.0,all,all
172,immune,0.05264347791671753,0.287923127412796,0.0,0.0,0.0,0.0,3.8501083850860596,GFPT2,0.0,0.0,0.0,all,all
173,immune,0.12986363470554352,0.3270338177680969,0.0,0.0,0.0,0.0,2.7434282302856445,GFUS,0.0,0.0,0.0,all,all
174,immune,0.1517384797334671,0.37855005264282227,0.0,0.0,0.0,0.0,3.7051260471343994,GLA,0.0,0.0,0.0,all,all
175,immune,0.15252846479415894,0.3504449427127838,0.0,0.0,0.0,0.0,2.6472206115722656,GLB1,0.0,0.0,0.0,all,all
176,immune,0.04702717810869217,0.20260415971279144,0.0,0.0,0.0,0.0,2.4159064292907715,GLCE,0.0,0.0,0.0,all,all
177,immune,0.08181440830230713,0.2707146406173706,0.0,0.0,0.0,0.0,3.1523354053497314,GMDS,0.0,0.0,0.0,all,all
178,immune,0.08107895404100418,0.25688636302948,0.0,0.0,0.0,0.0,2.354790210723877,GMPPA,0.0,0.0,0.0,all,all
179,immune,0.08542735129594803,0.27790096402168274,0.0,0.0,0.0,0.0,2.9099066257476807,GMPPB,0.0,0.0,0.0,all,all
180,immune,0.047527045011520386,0.20683997869491577,0.0,0.0,0.0,0.0,2.4202370643615723,GNE,0.0,0.0,0.0,all,all
181,immune,0.17481599748134613,0.39535200595855713,0.0,0.0,0.0,0.0,3.196011781692505,GNPDA1,0.0,0.0,0.0,all,all
182,immune,0.06303048878908157,0.24261653423309326,0.0,0.0,0.0,0.0,2.251142740249634,GNPDA2,0.0,0.0,0.0,all,all
183,immune,0.053119514137506485,0.2145804464817047,0.0,0.0,0.0,0.0,2.444873094558716,GNPNAT1,0.0,0.0,0.0,all,all
184,immune,0.3315982222557068,0.5407764911651611,0.0,0.0,0.0,0.6662741303443909,3.3967533111572266,GNPTAB,0.6662741303443909,1.6656853258609772,0.0,all,all
185,immune,0.1874806135892868,0.38958412408828735,0.0,0.0,0.0,0.0,2.545600414276123,GNPTG,0.0,0.0,0.0,all,all
186,immune,0.3011373281478882,0.5356317162513733,0.0,0.0,0.0,0.5389965176582336,3.0693013668060303,GNS,0.5389965176582336,1.347491294145584,0.0,all,all
187,immune,0.1512172818183899,0.34995853900909424,0.0,0.0,0.0,0.0,2.7322754859924316,GPAA1,0.0,0.0,0.0,all,all
188,immune,0.31105899810791016,0.5079576373100281,0.0,0.0,0.0,0.6374562978744507,3.314007043838501,GPI,0.6374562978744507,1.5936407446861267,0.0,all,all
189,immune,0.23017501831054688,0.4283810555934906,0.0,0.0,0.0,0.32511287927627563,2.811495304107666,GUSB,0.32511287927627563,0.8127821981906891,0.0,all,all
190,immune,0.09101271629333496,0.2885968089103699,0.0,0.0,0.0,0.0,3.1361162662506104,GXYLT1,0.0,0.0,0.0,all,all
191,immune,0.003294328460469842,0.05644013360142708,0.0,0.0,0.0,0.0,2.127157688140869,GXYLT2,0.0,0.0,0.0,all,all
192,immune,0.004768421873450279,0.0791391059756279,0.0,0.0,0.0,0.0,3.084432363510132,HAS1,0.0,0.0,0.0,all,all
193,immune,0.0026148129254579544,0.06022069603204727,0.0,0.0,0.0,0.0,3.3068037033081055,HAS2,0.0,0.0,0.0,all,all
194,immune,0.0021341675892472267,0.044492751359939575,0.0,0.0,0.0,0.0,1.9516751766204834,HAS3,0.0,0.0,0.0,all,all
195,immune,0.25680238008499146,0.47449758648872375,0.0,0.0,0.0,0.3702862858772278,3.2622578144073486,HEXA,0.3702862858772278,0.9257157146930695,0.0,all,all
196,immune,0.32634255290031433,0.5681260824203491,0.0,0.0,0.0,0.6070842742919922,3.123476266860962,HEXB,0.6070842742919922,1.5177106857299805,0.0,all,all
197,immune,0.15003378689289093,0.36374518275260925,0.0,0.0,0.0,0.0,2.73429274559021,HGSNAT,0.0,0.0,0.0,all,all
198,immune,0.2348918616771698,0.44081631302833557,0.0,0.0,0.0,0.2843139171600342,2.9046709537506104,HK1,0.2843139171600342,0.7107847929000854,0.0,all,all
199,immune,0.08010085672140121,0.2812756299972534,0.0,0.0,0.0,0.0,3.3851537704467773,HK2,0.0,0.0,0.0,all,all
200,immune,0.09734072536230087,0.3228168487548828,0.0,0.0,0.0,0.0,3.321397304534912,HK3,0.0,0.0,0.0,all,all
201,immune,0.07468264549970627,0.2837611138820648,0.0,0.0,0.0,0.0,3.89747953414917,HPSE,0.0,0.0,0.0,all,all
202,immune,0.0002933781361207366,0.01720157265663147,0.0,0.0,0.0,0.0,1.717839002609253,HPSE2,0.0,0.0,0.0,all,all
203,immune,0.07610083371400833,0.2572838068008423,0.0,0.0,0.0,0.0,2.5616326332092285,HS2ST1,0.0,0.0,0.0,all,all
204,immune,0.028997652232646942,0.17174166440963745,0.0,0.0,0.0,0.0,2.7815401554107666,HS3ST1,0.0,0.0,0.0,all,all
205,immune,0.015935184434056282,0.1514911949634552,0.0,0.0,0.0,0.0,3.194087505340576,HS3ST2,0.0,0.0,0.0,all,all
206,immune,0.0004960709484294057,0.02109229750931263,0.0,0.0,0.0,0.0,2.114884614944458,HS3ST3A1,0.0,0.0,0.0,all,all
207,immune,0.050965480506420135,0.23549868166446686,0.0,0.0,0.0,0.0,2.7441086769104004,HS3ST3B1,0.0,0.0,0.0,all,all
208,immune,0.00040487328078597784,0.019895419478416443,0.0,0.0,0.0,0.0,1.9217058420181274,HS3ST4,0.0,0.0,0.0,all,all
209,immune,0.00020055254572071135,0.01499615702778101,0.0,0.0,0.0,0.0,2.069141387939453,HS3ST5,0.0,0.0,0.0,all,all
210,immune,6.131337431725115e-05,0.007672061678022146,0.0,0.0,0.0,0.0,1.4806008338928223,HS3ST6,0.0,0.0,0.0,all,all
211,immune,0.04591714218258858,0.2027057558298111,0.0,0.0,0.0,0.0,2.6282973289489746,HS6ST1,0.0,0.0,0.0,all,all
212,immune,0.00019702785357367247,0.014533684588968754,0.0,0.0,0.0,0.0,1.7548190355300903,HS6ST2,0.0,0.0,0.0,all,all
213,immune,0.00012102639448130503,0.009983586147427559,0.0,0.0,0.0,0.0,1.8030989170074463,HS6ST3,0.0,0.0,0.0,all,all
214,immune,1.052738070487976,0.9243296384811401,0.0,0.0,1.097280740737915,1.618098258972168,6.7200727462768555,HSP90B1,1.618098258972168,4.04524564743042,0.0,all,all
215,immune,0.9234519004821777,0.8744599223136902,0.0,0.0,0.9525021910667419,1.4965388774871826,6.285214424133301,HSPA5,1.4965388774871826,3.7413471937179565,0.0,all,all
216,immune,0.0009424163727089763,0.030172988772392273,0.0,0.0,0.0,0.0,1.6942330598831177,HYAL1,0.0,0.0,0.0,all,all
217,immune,0.032184772193431854,0.16201160848140717,0.0,0.0,0.0,0.0,2.9659738540649414,HYAL2,0.0,0.0,0.0,all,all
218,immune,0.006940972059965134,0.07804650068283081,0.0,0.0,0.0,0.0,2.445594549179077,HYAL3,0.0,0.0,0.0,all,all
219,immune,4.62727366539184e-05,0.006382879801094532,0.0,0.0,0.0,0.0,1.4609755277633667,HYAL4,0.0,0.0,0.0,all,all
220,immune,0.12880146503448486,0.34468430280685425,0.0,0.0,0.0,0.0,3.3135056495666504,HYOU1,0.0,0.0,0.0,all,all
221,immune,0.3987625539302826,0.6012843251228333,0.0,0.0,0.0,0.860936164855957,3.0557479858398438,IDS,0.860936164855957,2.1523404121398926,0.0,all,all
222,immune,0.03370778262615204,0.1690882295370102,0.0,0.0,0.0,0.0,2.4024531841278076,IDUA,0.0,0.0,0.0,all,all
223,immune,0.39505359530448914,0.6268428564071655,0.0,0.0,0.0,0.7967852354049683,3.6937472820281982,IGF2R,0.7967852354049683,1.9919630885124207,0.0,all,all
224,immune,0.01890537142753601,0.13700999319553375,0.0,0.0,0.0,0.0,2.423980474472046,LARGE1,0.0,0.0,0.0,all,all
225,immune,0.015557628124952316,0.128314808011055,0.0,0.0,0.0,0.0,2.541100025177002,LARGE2,0.0,0.0,0.0,all,all
226,immune,0.14387136697769165,0.3676171600818634,0.0,0.0,0.0,0.0,3.002342939376831,LFNG,0.0,0.0,0.0,all,all
227,immune,0.51125168800354,0.5960004329681396,0.0,0.0,0.0,1.023703694343567,3.304090738296509,LMAN2,1.023703694343567,2.5592592358589172,0.0,all,all
228,immune,0.5191543102264404,0.6073876023292542,0.0,0.0,0.0,1.0495344400405884,3.0123989582061768,M6PR,1.0495344400405884,2.623836100101471,0.0,all,all
229,immune,0.29470333456993103,0.5641313791275024,0.0,0.0,0.0,0.43743330240249634,4.314547538757324,MAN1A1,0.43743330240249634,1.0935832560062408,0.0,all,all
230,immune,0.2965208888053894,0.4867916703224182,0.0,0.0,0.0,0.6069513559341431,2.7207984924316406,MAN1A2,0.6069513559341431,1.5173783898353577,0.0,all,all
231,immune,0.11189065873622894,0.30434224009513855,0.0,0.0,0.0,0.0,2.442073106765747,MAN1B1,0.0,0.0,0.0,all,all
232,immune,0.037216730415821075,0.1833312064409256,0.0,0.0,0.0,0.0,2.5120105743408203,MAN1C1,0.0,0.0,0.0,all,all
233,immune,0.2182607650756836,0.4262694716453552,0.0,0.0,0.0,0.0,2.798657178878784,MAN2A1,0.0,0.0,0.0,all,all
234,immune,0.13713842630386353,0.37218618392944336,0.0,0.0,0.0,0.0,2.83070707321167,MAN2A2,0.0,0.0,0.0,all,all
235,immune,0.09993896633386612,0.2958112359046936,0.0,0.0,0.0,0.0,2.572272777557373,MAN2B1,0.0,0.0,0.0,all,all
236,immune,0.1206291988492012,0.32134246826171875,0.0,0.0,0.0,0.0,2.7025606632232666,MAN2B2,0.0,0.0,0.0,all,all
237,immune,0.1018296554684639,0.29019826650619507,0.0,0.0,0.0,0.0,2.423433542251587,MAN2C1,0.0,0.0,0.0,all,all
238,immune,0.21100997924804688,0.42421963810920715,0.0,0.0,0.0,0.0,3.0112762451171875,MANBA,0.0,0.0,0.0,all,all
239,immune,0.07105051726102829,0.24210180342197418,0.0,0.0,0.0,0.0,2.591763973236084,MANEA,0.0,0.0,0.0,all,all
240,immune,0.20352518558502197,0.4142404794692993,0.0,0.0,0.0,0.0,2.6196374893188477,MFNG,0.0,0.0,0.0,all,all
241,immune,0.45259466767311096,0.6211126446723938,0.0,0.0,0.0,0.9688535332679749,3.5999643802642822,MGAT1,0.9688535332679749,2.422133833169937,0.0,all,all
242,immune,0.13979420065879822,0.3403347134590149,0.0,0.0,0.0,0.0,2.3522050380706787,MGAT2,0.0,0.0,0.0,all,all
243,immune,0.011610801331698895,0.09534379094839096,0.0,0.0,0.0,0.0,2.1725432872772217,MGAT3,0.0,0.0,0.0,all,all
244,immune,0.37453117966651917,0.5878817439079285,0.0,0.0,0.0,0.8078867197036743,3.509002208709717,MGAT4A,0.8078867197036743,2.019716799259186,0.0,all,all
245,immune,0.12694498896598816,0.32697969675064087,0.0,0.0,0.0,0.0,2.917928457260132,MGAT4B,0.0,0.0,0.0,all,all
246,immune,0.00034035483258776367,0.02035163715481758,0.0,0.0,0.0,0.0,2.8070976734161377,MGAT4C,0.0,0.0,0.0,all,all
247,immune,0.2026827484369278,0.43287137150764465,0.0,0.0,0.0,0.0,2.8478269577026367,MGAT5,0.0,0.0,0.0,all,all
248,immune,0.00023925505229271948,0.014832370914518833,0.0,0.0,0.0,0.0,1.5486419200897217,MGAT5B,0.0,0.0,0.0,all,all
249,immune,0.1302618533372879,0.33156058192253113,0.0,0.0,0.0,0.0,2.336298704147339,MOGS,0.0,0.0,0.0,all,all
250,immune,0.051480382680892944,0.20939897000789642,0.0,0.0,0.0,0.0,2.32873797416687,MPI,0.0,0.0,0.0,all,all
251,immune,0.1492011696100235,0.3651297390460968,0.0,0.0,0.0,0.0,2.9912593364715576,MPPE1,0.0,0.0,0.0,all,all
252,immune,0.11914210021495819,0.3133416473865509,0.0,0.0,0.0,0.0,2.499577283859253,NAGA,0.0,0.0,0.0,all,all
253,immune,0.27841895818710327,0.4793706238269806,0.0,0.0,0.0,0.5325874090194702,3.022319793701172,NAGK,0.5325874090194702,1.3314685225486755,0.0,all,all
254,immune,0.10001834481954575,0.2809603214263916,0.0,0.0,0.0,0.0,2.422496795654297,NAGLU,0.0,0.0,0.0,all,all
255,immune,0.08613135665655136,0.26786330342292786,0.0,0.0,0.0,0.0,2.4350743293762207,NAGPA,0.0,0.0,0.0,all,all
256,immune,0.29823848605155945,0.48915016651153564,0.0,0.0,0.0,0.627368688583374,2.8895606994628906,NANS,0.627368688583374,1.568421721458435,0.0,all,all
257,immune,0.029215199872851372,0.1546982228755951,0.0,0.0,0.0,0.0,2.4697577953338623,NDST1,0.0,0.0,0.0,all,all
258,immune,0.029321923851966858,0.16865085065364838,0.0,0.0,0.0,0.0,2.2474758625030518,NDST2,0.0,0.0,0.0,all,all
259,immune,0.002560589462518692,0.05306623503565788,0.0,0.0,0.0,0.0,2.496164560317993,NDST3,0.0,0.0,0.0,all,all
260,immune,2.221389877377078e-05,0.004216911271214485,0.0,0.0,0.0,0.0,1.1705312728881836,NDST4,0.0,0.0,0.0,all,all
261,immune,0.24415625631809235,0.47903332114219666,0.0,0.0,0.0,0.24993792176246643,4.0023345947265625,NEU1,0.24993792176246643,0.6248448044061661,0.0,all,all
262,immune,0.0,0.0,0.0,0.0,0.0,0.0,0.0,NEU2,0.0,0.0,0.0,all,all
263,immune,0.036129940301179886,0.1743040531873703,0.0,0.0,0.0,0.0,2.466791868209839,NEU3,0.0,0.0,0.0,all,all
264,immune,0.005176728591322899,0.06777036190032959,0.0,0.0,0.0,0.0,2.32873797416687,NEU4,0.0,0.0,0.0,all,all
265,immune,0.49237310886383057,0.6122453808784485,0.0,0.0,0.0,0.9958658814430237,3.158677577972412,OGA,0.9958658814430237,2.489664703607559,0.0,all,all
266,immune,0.41555464267730713,0.5796570181846619,0.0,0.0,0.0,0.8828731179237366,3.528381586074829,OGT,0.8828731179237366,2.2071827948093414,0.0,all,all
267,immune,0.40250760316848755,0.5494942665100098,0.0,0.0,0.0,0.870021641254425,3.0525577068328857,OS9,0.870021641254425,2.1750541031360626,0.0,all,all
268,immune,0.18820233643054962,0.39620837569236755,0.0,0.0,0.0,0.0,2.8347203731536865,PAPSS1,0.0,0.0,0.0,all,all
269,immune,0.06759808212518692,0.27013272047042847,0.0,0.0,0.0,0.0,3.3995141983032227,PAPSS2,0.0,0.0,0.0,all,all
270,immune,0.003394942730665207,0.05625981464982033,0.0,0.0,0.0,0.0,2.1363251209259033,PGAP4,0.0,0.0,0.0,all,all
271,immune,0.11017566919326782,0.33409368991851807,0.0,0.0,0.0,0.0,3.5648117065429688,PGGHG,0.0,0.0,0.0,all,all
272,immune,0.0896889790892601,0.28159067034721375,0.0,0.0,0.0,0.0,2.5359091758728027,PGM1,0.0,0.0,0.0,all,all
273,immune,0.12147676199674606,0.3267923593521118,0.0,0.0,0.0,0.0,2.7985122203826904,PGM2,0.0,0.0,0.0,all,all
274,immune,0.07819217443466187,0.25828856229782104,0.0,0.0,0.0,0.0,2.606459617614746,PGM3,0.0,0.0,0.0,all,all
275,immune,0.06062866747379303,0.24128061532974243,0.0,0.0,0.0,0.0,2.932206630706787,PIGA,0.0,0.0,0.0,all,all
276,immune,0.056574735790491104,0.23064567148685455,0.0,0.0,0.0,0.0,2.5234203338623047,PIGB,0.0,0.0,0.0,all,all
277,immune,0.13004954159259796,0.33626827597618103,0.0,0.0,0.0,0.0,2.4338080883026123,PIGC,0.0,0.0,0.0,all,all
278,immune,0.1086367815732956,0.2998262345790863,0.0,0.0,0.0,0.0,2.6294307708740234,PIGF,0.0,0.0,0.0,all,all
279,immune,0.08446002006530762,0.27515941858291626,0.0,0.0,0.0,0.0,2.397289514541626,PIGG,0.0,0.0,0.0,all,all
280,immune,0.09832983464002609,0.2934238612651825,0.0,0.0,0.0,0.0,2.832611083984375,PIGH,0.0,0.0,0.0,all,all
281,immune,0.08754531294107437,0.2699092626571655,0.0,0.0,0.0,0.0,2.569762945175171,PIGK,0.0,0.0,0.0,all,all
282,immune,0.05723469704389572,0.2278260588645935,0.0,0.0,0.0,0.0,2.4181389808654785,PIGL,0.0,0.0,0.0,all,all
283,immune,0.05347764492034912,0.22058412432670593,0.0,0.0,0.0,0.0,2.4883663654327393,PIGM,0.0,0.0,0.0,all,all
284,immune,0.07357444614171982,0.2534024119377136,0.0,0.0,0.0,0.0,2.414421558380127,PIGN,0.0,0.0,0.0,all,all
285,immune,0.038769714534282684,0.1814839243888855,0.0,0.0,0.0,0.0,2.181382656097412,PIGO,0.0,0.0,0.0,all,all
286,immune,0.14257313311100006,0.33918341994285583,0.0,0.0,0.0,0.0,2.531636953353882,PIGP,0.0,0.0,0.0,all,all
287,immune,0.03461547940969467,0.1733701080083847,0.0,0.0,0.0,0.0,2.817910671234131,PIGQ,0.0,0.0,0.0,all,all
288,immune,0.10516636818647385,0.2961641252040863,0.0,0.0,0.0,0.0,2.3605642318725586,PIGS,0.0,0.0,0.0,all,all
289,immune,0.2157997041940689,0.41070279479026794,0.0,0.0,0.0,0.23830175399780273,2.4746413230895996,PIGT,0.23830175399780273,0.5957543849945068,0.0,all,all
290,immune,0.03052133321762085,0.15914355218410492,0.0,0.0,0.0,0.0,2.0924558639526367,PIGU,0.0,0.0,0.0,all,all
291,immune,0.041168902069330215,0.1946779191493988,0.0,0.0,0.0,0.0,2.549943208694458,PIGV,0.0,0.0,0.0,all,all
292,immune,0.018124938011169434,0.12459424138069153,0.0,0.0,0.0,0.0,2.135995864868164,PIGW,0.0,0.0,0.0,all,all
293,immune,0.10625500977039337,0.3116324841976166,0.0,0.0,0.0,0.0,2.756103038787842,PIGX,0.0,0.0,0.0,all,all
294,immune,0.0,0.0,0.0,0.0,0.0,0.0,0.0,PIGY,0.0,0.0,0.0,all,all
295,immune,0.010884628631174564,0.09575413912534714,0.0,0.0,0.0,0.0,2.0971410274505615,PIGZ,0.0,0.0,0.0,all,all
296,immune,0.06840700656175613,0.23705746233463287,0.0,0.0,0.0,0.0,2.463754177093506,PLOD1,0.0,0.0,0.0,all,all
297,immune,0.00609039468690753,0.0738145262002945,0.0,0.0,0.0,0.0,2.407679796218872,PLOD2,0.0,0.0,0.0,all,all
298,immune,0.08326748013496399,0.25797492265701294,0.0,0.0,0.0,0.0,2.5112853050231934,PLOD3,0.0,0.0,0.0,all,all
299,immune,0.08424539119005203,0.2735902965068817,0.0,0.0,0.0,0.0,2.5337705612182617,PMM1,0.0,0.0,0.0,all,all
300,immune,0.11475244909524918,0.31105196475982666,0.0,0.0,0.0,0.0,2.48721981048584,PMM2,0.0,0.0,0.0,all,all
301,immune,0.03998260200023651,0.18327784538269043,0.0,0.0,0.0,0.0,2.440796375274658,POFUT1,0.0,0.0,0.0,all,all
302,immune,0.052627433091402054,0.22414344549179077,0.0,0.0,0.0,0.0,2.575350761413574,POFUT2,0.0,0.0,0.0,all,all
303,immune,0.09879588335752487,0.2964095175266266,0.0,0.0,0.0,0.0,3.3542563915252686,POGLUT1,0.0,0.0,0.0,all,all
304,immune,0.0034899082966148853,0.054683614522218704,0.0,0.0,0.0,0.0,1.945224642753601,POGLUT2,0.0,0.0,0.0,all,all
305,immune,0.032281294465065,0.16958579421043396,0.0,0.0,0.0,0.0,2.2115745544433594,POGLUT3,0.0,0.0,0.0,all,all
306,immune,0.04982177913188934,0.20736604928970337,0.0,0.0,0.0,0.0,2.6077795028686523,POMGNT1,0.0,0.0,0.0,all,all
307,immune,0.01776985265314579,0.12480739504098892,0.0,0.0,0.0,0.0,2.034566640853882,POMGNT2,0.0,0.0,0.0,all,all
308,immune,0.008179180324077606,0.08653087913990021,0.0,0.0,0.0,0.0,2.0371718406677246,POMK,0.0,0.0,0.0,all,all
309,immune,0.038782887160778046,0.18853673338890076,0.0,0.0,0.0,0.0,2.408876419067383,POMT1,0.0,0.0,0.0,all,all
310,immune,0.012792086228728294,0.10460538417100906,0.0,0.0,0.0,0.0,2.0746004581451416,POMT2,0.0,0.0,0.0,all,all
311,immune,0.31197407841682434,0.48305073380470276,0.0,0.0,0.0,0.6725998520851135,2.7077701091766357,PRKCSH,0.6725998520851135,1.6814996302127838,0.0,all,all
312,immune,0.032973963767290115,0.18864180147647858,0.0,0.0,0.0,0.0,2.501289129257202,PXYLP1,0.0,0.0,0.0,all,all
313,immune,0.08318919688463211,0.265999972820282,0.0,0.0,0.0,0.0,2.4388844966888428,RENBP,0.0,0.0,0.0,all,all
314,immune,0.09076260775327682,0.27535292506217957,0.0,0.0,0.0,0.0,2.397289514541626,RFNG,0.0,0.0,0.0,all,all
315,immune,0.3987882435321808,0.5737722516059875,0.0,0.0,0.0,0.8659586906433105,3.2221455574035645,RPN1,0.8659586906433105,2.1648967266082764,0.0,all,all
316,immune,0.5334034562110901,0.6365493535995483,0.0,0.0,0.0,1.0685211420059204,3.621180534362793,RPN2,1.0685211420059204,2.671302855014801,0.0,all,all
317,immune,0.0826302245259285,0.2700660526752472,0.0,0.0,0.0,0.0,2.5205235481262207,RXYLT1,0.0,0.0,0.0,all,all
318,immune,0.27214315533638,0.47092363238334656,0.0,0.0,0.0,0.522254467010498,3.451077461242676,SEL1L,0.522254467010498,1.3056361675262451,0.0,all,all
319,immune,0.06334689259529114,0.2376330941915512,0.0,0.0,0.0,0.0,2.205085277557373,SGSH,0.0,0.0,0.0,all,all
320,immune,0.019069600850343704,0.12376609444618225,0.0,0.0,0.0,0.0,2.3739991188049316,SIAE,0.0,0.0,0.0,all,all
321,immune,0.07786107063293457,0.28260472416877747,0.0,0.0,0.0,0.0,3.7866737842559814,SLC2A1,0.0,0.0,0.0,all,all
322,immune,0.002852657111361623,0.048505596816539764,0.0,0.0,0.0,0.0,1.6395448446273804,SLC2A10,0.0,0.0,0.0,all,all
323,immune,0.0010195738868787885,0.030179547145962715,0.0,0.0,0.0,0.0,1.5754438638687134,SLC2A12,0.0,0.0,0.0,all,all
324,immune,0.0002997364499606192,0.01949157938361168,0.0,0.0,0.0,0.0,1.9091167449951172,SLC2A2,0.0,0.0,0.0,all,all
325,immune,0.918339729309082,0.942467212677002,0.0,0.0,0.8713940382003784,1.5837868452072144,5.101977825164795,SLC2A3,1.5837868452072144,3.959467113018036,0.0,all,all
326,immune,0.0006135969306342304,0.022120192646980286,0.0,0.0,0.0,0.0,1.976881980895996,SLC2A4,0.0,0.0,0.0,all,all
327,immune,0.021585265174508095,0.14039678871631622,0.0,0.0,0.0,0.0,3.2845699787139893,SLC2A5,0.0,0.0,0.0,all,all
328,immune,0.03182462602853775,0.16120457649230957,0.0,0.0,0.0,0.0,2.3739991188049316,SLC2A8,0.0,0.0,0.0,all,all
329,immune,0.06956014782190323,0.24424906075000763,0.0,0.0,0.0,0.0,2.472651481628418,SLC35A1,0.0,0.0,0.0,all,all
330,immune,0.048051174730062485,0.20275257527828217,0.0,0.0,0.0,0.0,2.285996437072754,SLC35A2,0.0,0.0,0.0,all,all
331,immune,0.12218323349952698,0.33194664120674133,0.0,0.0,0.0,0.0,2.67665433883667,SLC35A3,0.0,0.0,0.0,all,all
332,immune,0.07440371811389923,0.2537130117416382,0.0,0.0,0.0,0.0,2.365795612335205,SLC35B2,0.0,0.0,0.0,all,all
333,immune,0.06355418264865875,0.23405323922634125,0.0,0.0,0.0,0.0,2.316563606262207,SLC35B3,0.0,0.0,0.0,all,all
334,immune,0.05928266420960426,0.22386686503887177,0.0,0.0,0.0,0.0,2.4325435161590576,SLC35B4,0.0,0.0,0.0,all,all
335,immune,0.043097589164972305,0.19047953188419342,0.0,0.0,0.0,0.0,2.160738468170166,SLC35C1,0.0,0.0,0.0,all,all
336,immune,0.05361390858888626,0.2252899408340454,0.0,0.0,0.0,0.0,2.450420618057251,SLC35D1,0.0,0.0,0.0,all,all
337,immune,0.12840765714645386,0.3367179334163666,0.0,0.0,0.0,0.0,2.7726473808288574,SLC35D2,0.0,0.0,0.0,all,all
338,immune,5.806115950690582e-06,0.0020285085774958134,0.0,0.0,0.0,0.0,0.8018714189529419,SPAM1,0.0,0.0,0.0,all,all
339,immune,0.2734358012676239,0.48846495151519775,0.0,0.0,0.0,0.46936702728271484,2.8984928131103516,ST3GAL1,0.46936702728271484,1.173417568206787,0.0,all,all
340,immune,0.10690610855817795,0.3156469464302063,0.0,0.0,0.0,0.0,2.710714101791382,ST3GAL2,0.0,0.0,0.0,all,all
341,immune,0.03275468572974205,0.17406556010246277,0.0,0.0,0.0,0.0,2.138303518295288,ST3GAL3,0.0,0.0,0.0,all,all
342,immune,0.0374566912651062,0.20445291697978973,0.0,0.0,0.0,0.0,2.60355806350708,ST3GAL4,0.0,0.0,0.0,all,all
343,immune,0.14340706169605255,0.3599603474140167,0.0,0.0,0.0,0.0,3.4437148571014404,ST3GAL5,0.0,0.0,0.0,all,all
344,immune,0.058390066027641296,0.2303704172372818,0.0,0.0,0.0,0.0,2.9811599254608154,ST3GAL6,0.0,0.0,0.0,all,all
345,immune,0.2768479883670807,0.5067630410194397,0.0,0.0,0.0,0.4355749189853668,3.036699056625366,ST6GAL1,0.4355749189853668,1.088937297463417,0.0,all,all
346,immune,0.0009730253950692713,0.02809593454003334,0.0,0.0,0.0,0.0,2.3944931030273438,ST6GAL2,0.0,0.0,0.0,all,all
347,immune,0.002872343407943845,0.050565339624881744,0.0,0.0,0.0,0.0,2.020535469055176,ST6GALNAC1,0.0,0.0,0.0,all,all
348,immune,0.007032581605017185,0.09347398579120636,0.0,0.0,0.0,0.0,2.3671085834503174,ST6GALNAC2,0.0,0.0,0.0,all,all
349,immune,0.03534233942627907,0.1931152492761612,0.0,0.0,0.0,0.0,2.5043787956237793,ST6GALNAC3,0.0,0.0,0.0,all,all
350,immune,0.07702841609716415,0.25385627150535583,0.0,0.0,0.0,0.0,2.54424786567688,ST6GALNAC4,0.0,0.0,0.0,all,all
351,immune,0.000567806710023433,0.024793636053800583,0.0,0.0,0.0,0.0,2.028521776199341,ST6GALNAC5,0.0,0.0,0.0,all,all
352,immune,0.019645066931843758,0.1405923068523407,0.0,0.0,0.0,0.0,2.358827829360962,ST6GALNAC6,0.0,0.0,0.0,all,all
353,immune,0.023407356813549995,0.16237394511699677,0.0,0.0,0.0,0.0,2.724252462387085,ST8SIA1,0.0,0.0,0.0,all,all
354,immune,5.136380877956981e-06,0.001906896592117846,0.0,0.0,0.0,0.0,0.8543694019317627,ST8SIA2,0.0,0.0,0.0,all,all
355,immune,1.1821028238045983e-05,0.0029717101715505123,0.0,0.0,0.0,0.0,0.9121409058570862,ST8SIA3,0.0,0.0,0.0,all,all
356,immune,0.2858614921569824,0.5011362433433533,0.0,0.0,0.0,0.5264741778373718,3.307464838027954,ST8SIA4,0.5264741778373718,1.3161854445934296,0.0,all,all
357,immune,0.00035715597914531827,0.018321599811315536,0.0,0.0,0.0,0.0,1.5486419200897217,ST8SIA5,0.0,0.0,0.0,all,all
358,immune,0.015446831472218037,0.1335359513759613,0.0,0.0,0.0,0.0,3.0410594940185547,ST8SIA6,0.0,0.0,0.0,all,all
359,immune,0.11412051320075989,0.31652361154556274,0.0,0.0,0.0,0.0,2.9663991928100586,STT3A,0.0,0.0,0.0,all,all
360,immune,0.39183664321899414,0.5413522124290466,0.0,0.0,0.0,0.8425264954566956,2.8663887977600098,STT3B,0.8425264954566956,2.106316238641739,0.0,all,all
361,immune,0.0012636539759114385,0.03364631533622742,0.0,0.0,0.0,0.0,2.407477378845215,SULF1,0.0,0.0,0.0,all,all
362,immune,0.09521226584911346,0.30309587717056274,0.0,0.0,0.0,0.0,2.8073484897613525,SULF2,0.0,0.0,0.0,all,all
363,immune,0.009498334489762783,0.09315059334039688,0.0,0.0,0.0,0.0,2.463754177093506,TMTC1,0.0,0.0,0.0,all,all
364,immune,0.02463235706090927,0.1445041447877884,0.0,0.0,0.0,0.0,2.2113332748413086,TMTC2,0.0,0.0,0.0,all,all
365,immune,0.03638562187552452,0.18322719633579254,0.0,0.0,0.0,0.0,2.494633197784424,TMTC3,0.0,0.0,0.0,all,all
366,immune,0.02734694443643093,0.1577460914850235,0.0,0.0,0.0,0.0,2.8398640155792236,TMTC4,0.0,0.0,0.0,all,all
367,immune,0.07139519602060318,0.279041051864624,0.0,0.0,0.0,0.0,2.901522397994995,TPST1,0.0,0.0,0.0,all,all
368,immune,0.2638835608959198,0.4880482852458954,0.0,0.0,0.0,0.39956989884376526,3.7233784198760986,TPST2,0.39956989884376526,0.9989247471094131,0.0,all,all
369,immune,0.11232515424489975,0.32290709018707275,0.0,0.0,0.0,0.0,3.685375928878784,UAP1,0.0,0.0,0.0,all,all
370,immune,0.29532313346862793,0.5431231260299683,0.0,0.0,0.0,0.48129069805145264,4.451386451721191,UGCG,0.48129069805145264,1.2032267451286316,0.0,all,all
371,immune,0.052974238991737366,0.21346446871757507,0.0,0.0,0.0,0.0,2.5666496753692627,UGDH,0.0,0.0,0.0,all,all
372,immune,0.15430989861488342,0.3597974479198456,0.0,0.0,0.0,0.0,2.6933040618896484,UGGT1,0.0,0.0,0.0,all,all
373,immune,0.03537354618310928,0.16312097012996674,0.0,0.0,0.0,0.0,2.494802951812744,UGGT2,0.0,0.0,0.0,all,all
374,immune,0.49593105912208557,0.6432139277458191,0.0,0.0,0.0,0.9874395132064819,4.357974529266357,UGP2,0.9874395132064819,2.468598783016205,0.0,all,all
375,immune,0.0001971134333871305,0.015370892360806465,0.0,0.0,0.0,0.0,1.8957754373550415,UGT1A1,0.0,0.0,0.0,all,all
376,immune,1.0419797945360187e-05,0.0035988008603453636,0.0,0.0,0.0,0.0,1.3018097877502441,UGT1A10,0.0,0.0,0.0,all,all
377,immune,2.230053360108286e-05,0.004808240104466677,0.0,0.0,0.0,0.0,1.4116451740264893,UGT1A4,0.0,0.0,0.0,all,all
378,immune,4.632609125110321e-05,0.006073604337871075,0.0,0.0,0.0,0.0,1.214980959892273,UGT1A6,0.0,0.0,0.0,all,all
379,immune,2.3949412934598513e-05,0.004560631699860096,0.0,0.0,0.0,0.0,1.2770328521728516,UGT1A7,0.0,0.0,0.0,all,all
380,immune,0.0,0.0,0.0,0.0,0.0,0.0,0.0,UGT1A8,0.0,0.0,0.0,all,all
381,immune,1.0957816812151577e-05,0.0027111517265439034,0.0,0.0,0.0,0.0,0.8409486413002014,UGT1A9,0.0,0.0,0.0,all,all
382,immune,6.194886373123154e-05,0.007891908288002014,0.0,0.0,0.0,0.0,1.4866629838943481,UGT2A1,0.0,0.0,0.0,all,all
383,immune,0.0,0.0,0.0,0.0,0.0,0.0,0.0,UGT2A2,0.0,0.0,0.0,all,all
384,immune,0.00019713822985067964,0.015982288867235184,0.0,0.0,0.0,0.0,1.656009554862976,UGT2A3,0.0,0.0,0.0,all,all
385,immune,0.00018389796605333686,0.015641070902347565,0.0,0.0,0.0,0.0,2.0746004581451416,UGT2B10,0.0,0.0,0.0,all,all
386,immune,4.8616380809107795e-05,0.0073301768861711025,0.0,0.0,0.0,0.0,1.581244945526123,UGT2B11,0.0,0.0,0.0,all,all
387,immune,0.00031077186577022076,0.01799514703452587,0.0,0.0,0.0,0.0,1.5696934461593628,UGT2B15,0.0,0.0,0.0,all,all
388,immune,0.0059557887725532055,0.07498707622289658,0.0,0.0,0.0,0.0,2.8902907371520996,UGT2B17,0.0,0.0,0.0,all,all
389,immune,3.27787097376131e-06,0.0011331746354699135,0.0,0.0,0.0,0.0,0.41582682728767395,UGT2B28,0.0,0.0,0.0,all,all
390,immune,0.0006330297328531742,0.030025539919734,0.0,0.0,0.0,0.0,2.5295090675354004,UGT2B4,0.0,0.0,0.0,all,all
391,immune,0.000607540481723845,0.028896907344460487,0.0,0.0,0.0,0.0,3.0202531814575195,UGT2B7,0.0,0.0,0.0,all,all
392,immune,0.00011884890409419313,0.010813686065375805,0.0,0.0,0.0,0.0,2.12911319732666,UGT3A1,0.0,0.0,0.0,all,all
393,immune,0.0002519708941690624,0.013849146664142609,0.0,0.0,0.0,0.0,1.5445700883865356,UGT3A2,0.0,0.0,0.0,all,all
394,immune,0.020189162343740463,0.14084772765636444,0.0,0.0,0.0,0.0,2.416278123855591,UGT8,0.0,0.0,0.0,all,all
395,immune,0.02563534677028656,0.15622878074645996,0.0,0.0,0.0,0.0,2.510591983795166,UST,0.0,0.0,0.0,all,all
396,immune,0.12189751863479614,0.3280804455280304,0.0,0.0,0.0,0.0,2.6760241985321045,UXS1,0.0,0.0,0.0,all,all
397,immune,0.03573339805006981,0.173656165599823,0.0,0.0,0.0,0.0,2.2664947509765625,XXYLT1,0.0,0.0,0.0,all,all
398,immune,0.06464318186044693,0.24477486312389374,0.0,0.0,0.0,0.0,2.3151917457580566,XYLT1,0.0,0.0,0.0,all,all
399,immune,0.027029475197196007,0.1580083966255188,0.0,0.0,0.0,0.0,2.307821750640869,XYLT2,0.0,0.0,0.0,all,all
400,immune,0.0,0.0,0.0,0.0,0.0,0.0,0.0,_scvi_batch,0.0,0.0,0.0,all,all
401,immune,0.0,0.0,0.0,0.0,0.0,0.0,0.0,_scvi_labels,0.0,0.0,0.0,all,all
402,immune,8759.0244140625,8391.744140625,2500.0,4238.0,6038.0,9625.0,251989.0,n_counts_UMIs,5387.0,17705.5,2500.0,all,all
403,immune,42.06184843582579,27.60548521016555,10.0,23.0,33.0,51.0,243.0,n_genes,28.0,93.0,10.0,all,all
